Student_ID,Book_Title,Category
1,Python Programming,Computer Science
1,Machine Learning,Artificial Intelligence
1,Data Science,Artificial Intelligence
2,Python Programming,Computer Science
2,Machine Learning,Artificial Intelligence
3,Java Programming,Computer Science
3,Web Development,Computer Science
4,Python Programming,Computer Science
4,Machine Learning,Artificial Intelligence
5,Java Programming,Computer Science
5,Web Development,Computer Science
6,Data Science,Artificial Intelligence
6,Python Programming,Computer Science
7,Database Systems,Computer Science
7,Web Development,Computer Science
8,Machine Learning,Artificial Intelligence
8,Data Science,Artificial Intelligence
9,Database Systems,Computer Science
9,Java Programming,Computer Science
10,Python Programming,Computer Science
10,Data Science,Artificial Intelligence
